{
    "Accuracy": 0.8865420767444432,
    "Precision": 0.5099601593625498,
    "Recall": 0.12415130940834142,
    "F2": 0.1996879875195008
}
