{
    "Accuracy": 0.879100626612606,
    "Precision": 0.40601503759398494,
    "Recall": 0.08557844690966719,
    "F2": 0.14136125654450263
}
