{
    "Accuracy": 0.8807593070401769,
    "Precision": 0.4322033898305085,
    "Recall": 0.08082408874801902,
    "F2": 0.13618157543391188
}
